,frequency,proportion,cdr3s_aa,cdr3s_nt
clonotype3,1,0.000784313725490196,TRA:CAVNTGNQFYF;TRB:CASSLDVANYGYTF,TRA:TGTGCTGTCAACACCGGTAACCAGTTCTATTTT;TRB:TGTGCCAGCAGCTTGGACGTAGCTAACTATGGCTACACCTTC
clonotype28,27,0.021176470588235293,TRA:CAYRSADAGGTSYGKLTF;TRB:CSAALAGRETQYF,TRA:TGTGCTTATAGGAGCGCGGATGCTGGTGGTACTAGCTATGGAAAGCTGACATTT;TRB:TGCAGTGCCGCTCTAGCGGGAAGGGAGACCCAGTACTTC
clonotype30,1,0.000784313725490196,TRB:CASSRRDGSYQPQHF,TRB:TGTGCCAGCAGCCGTAGGGACGGCTCGTATCAGCCCCAGCATTTT
clonotype32,23,0.01803921568627451,TRB:CASSLGGQRDIQYF,TRB:TGTGCCAGCAGCTTAGGGGGGCAGAGGGACATTCAGTACTTC
clonotype33,21,0.01647058823529412,TRA:CLLEETSGSRLTF;TRB:CAGIGGAVDYGYTF,TRA:TGTCTTCTGGAAGAAACCAGTGGCTCTAGGTTGACCTTT;TRB:TGTGCCGGAATCGGGGGCGCGGTGGACTATGGCTACACCTTC
clonotype42,15,0.011764705882352941,TRA:CAETSGSRLTF;TRB:CASSPFMSGELFF,TRA:TGTGCGGAAACCAGTGGCTCTAGGTTGACCTTT;TRB:TGTGCCAGCAGCCCTTTTATGTCCGGGGAGCTGTTTTTT
clonotype43,13,0.01019607843137255,TRA:CAARAGSNYKLTF;TRB:CAGIGGAVDYGYTF,TRA:TGTGCAGCCCGCGCAGGTAGCAACTATAAACTGACATTT;TRB:TGTGCCGGAATCGGGGGCGCGGTGGACTATGGCTACACCTTC
clonotype44,18,0.01411764705882353,TRA:CLHPQGGSEKLVF;TRA:CAVNSGGSNYKLTF;TRB:CASSLIRPGLATDTQYF,TRA:TGTCTTCACCCTCAGGGCGGATCTGAAAAGCTGGTCTTT;TRA:TGTGCTGTCAATAGTGGAGGTAGCAACTATAAACTGACATTT;TRB:TGTGCCAGCAGTCTAATTAGACCGGGACTAGCTACAGATACGCAGTATTTT
clonotype46,16,0.012549019607843137,TRA:CLLEETSGSRLTF;TRA:CAARAGSNYKLTF;TRB:CAGIGGAVDYGYTF,TRA:TGTCTTCTGGAAGAAACCAGTGGCTCTAGGTTGACCTTT;TRA:TGTGCAGCCCGCGCAGGTAGCAACTATAAACTGACATTT;TRB:TGTGCCGGAATCGGGGGCGCGGTGGACTATGGCTACACCTTC
clonotype47,14,0.010980392156862745,TRA:CAYREGAQKLVF;TRB:CASSVAGGGPRSTQYF,TRA:TGTGCTTATAGGGAGGGAGCCCAGAAGCTGGTATTT;TRB:TGTGCCAGCAGCGTAGCTGGGGGAGGCCCCCGGTCGACCCAGTACTTC
clonotype53,13,0.01019607843137255,TRB:CASSLAWDTYRSGANVLTF,TRB:TGTGCCAGCAGCTTAGCCTGGGACACCTATCGCTCTGGGGCCAACGTCCTGACTTTC
clonotype52,13,0.01019607843137255,TRA:CAVYSGGGADGLTF;TRB:CASSSGNTIYF,TRA:TGTGCTGTCTATTCAGGAGGAGGTGCTGACGGACTCACCTTT;TRB:TGCGCCAGCAGCTCTGGAAACACCATATATTTT
clonotype63,12,0.009411764705882352,TRB:CATSGTPNYGYTF,TRB:TGTGCCACCAGTGGTACACCTAACTATGGCTACACCTTC
clonotype59,12,0.009411764705882352,TRA:CAAARETSGSRLTF;TRB:CATSGTPNYGYTF,TRA:TGTGCTGCTGCTAGGGAAACCAGTGGCTCTAGGTTGACCTTT;TRB:TGTGCCACCAGTGGTACACCTAACTATGGCTACACCTTC
clonotype57,10,0.00784313725490196,TRA:CAVGETSGSRLTF,TRA:TGTGCCGTCGGGGAAACCAGTGGCTCTAGGTTGACCTTT
clonotype68,10,0.00784313725490196,TRB:CASRYTLLSYEQYF,TRB:TGCGCCAGCAGGTATACCCTTCTTTCCTACGAGCAGTACTTC
clonotype69,10,0.00784313725490196,TRA:CAFARYRSMDSNYQLIW;TRB:CASRGRVLNQPQHF,TRA:TGTGCTTTCGCGCGATACCGATCAATGGATAGCAACTATCAGTTAATCTGG;TRB:TGTGCCAGCAGGGGCCGGGTCCTCAATCAGCCCCAGCATTTT
clonotype73,8,0.006274509803921568,TRA:CAVEAKKETSGSRLTF;TRB:CASRYTLLSYEQYF,TRA:TGTGCTGTGGAGGCGAAAAAAGAAACCAGTGGCTCTAGGTTGACCTTT;TRB:TGCGCCAGCAGGTATACCCTTCTTTCCTACGAGCAGTACTTC
clonotype79,9,0.007058823529411765,TRB:CAGIGGAVDYGYTF,TRB:TGTGCCGGAATCGGGGGCGCGGTGGACTATGGCTACACCTTC
clonotype77,8,0.006274509803921568,TRB:CASSSGNTIYF,TRB:TGCGCCAGCAGCTCTGGAAACACCATATATTTT
clonotype75,5,0.00392156862745098,TRB:CSARRFF,TRB:TGCAGTGCTAGGCGGTTTTTT
clonotype74,7,0.005490196078431373,TRA:CAYRTLIQGAQKLVF;TRB:CASSYRYEQYF,TRA:TGTGCTTATAGGACCCTAATTCAGGGAGCCCAGAAGCTGGTATTT;TRB:TGTGCCAGCAGTTACCGCTACGAGCAGTACTTC
clonotype82,6,0.004705882352941176,TRA:CAFMKPGGGADGLTF;TRB:CASSWTGSFSGNTIYF,TRA:TGTGCTTTCATGAAGCCAGGAGGAGGTGCTGACGGACTCACCTTT;TRB:TGCGCCAGCAGCTGGACAGGATCTTTCTCTGGAAACACCATATATTTT
clonotype90,6,0.004705882352941176,TRA:CAYRSGGSNYKLTF;TRB:CAISLTGNNSPLHF,TRA:TGTGCTTATAGGAGTGGAGGTAGCAACTATAAACTGACATTT;TRB:TGTGCCATCAGCCTCACAGGGAATAATTCACCCCTCCACTTT
clonotype84,7,0.005490196078431373,TRB:CASSPFMSGELFF,TRB:TGTGCCAGCAGCCCTTTTATGTCCGGGGAGCTGTTTTTT
clonotype88,7,0.005490196078431373,TRA:CAVNSGGSNYKLTF;TRB:CASSLIRPGLATDTQYF,TRA:TGTGCTGTCAATAGTGGAGGTAGCAACTATAAACTGACATTT;TRB:TGTGCCAGCAGTCTAATTAGACCGGGACTAGCTACAGATACGCAGTATTTT
clonotype89,6,0.004705882352941176,TRA:CAGAGSGGSNYKLTF;TRB:CASSRMVETQYF,TRA:TGTGCAGGAGCGGGGAGTGGAGGTAGCAACTATAAACTGACATTT;TRB:TGTGCCAGCTCCCGGATGGTAGAGACCCAGTACTTC
clonotype97,4,0.003137254901960784,TRA:CAVGDSGTYKYIF;TRB:CASSSGTLRETQYF,TRA:TGTGCCGTGGGGGACTCAGGAACCTACAAATACATCTTT;TRB:TGCGCCAGCAGCTCCGGGACACTTCGGGAGACCCAGTACTTC
clonotype96,6,0.004705882352941176,TRA:CAVEEGSQGNLIF;TRB:CATSDPHLGLGYTF,TRA:TGTGCTGTGGAAGAAGGAAGCCAAGGAAATCTCATCTTT;TRB:TGTGCCACCAGTGATCCCCATTTGGGGTTAGGCTACACCTTC
clonotype98,5,0.00392156862745098,TRA:CAVGHEKLTF;TRB:CASTYRGYQPQHF,TRA:TGTGCTGTCGGCCATGAGAAATTAACCTTT;TRB:TGTGCCAGCACCTACAGGGGATATCAGCCCCAGCATTTT
clonotype108,4,0.003137254901960784,TRB:CASSLIRPGLATDTQYF,TRB:TGTGCCAGCAGTCTAATTAGACCGGGACTAGCTACAGATACGCAGTATTTT
clonotype109,4,0.003137254901960784,TRA:CAYKRNTGNQFYF;TRB:CASSLVDRGQYF,TRA:TGTGCTTATAAACGGAACACCGGTAACCAGTTCTATTTT;TRB:TGTGCCAGCAGCTTAGTGGACAGGGGACAGTACTTC
clonotype102,4,0.003137254901960784,TRA:CALRTGNQFYF;TRB:CASGPRGIGANVLTF,TRA:TGTGCCCTTCGGACCGGTAACCAGTTCTATTTT;TRB:TGTGCTAGTGGTCCAAGGGGGATAGGGGCCAACGTCCTGACTTTC
clonotype103,2,0.001568627450980392,TRA:CAARETSGSRLTF;TRB:CASSYGGANVLTF,TRA:TGTGCCGCACGGGAAACCAGTGGCTCTAGGTTGACCTTT;TRB:TGTGCCAGCAGTTATGGTGGGGCCAACGTCCTGACTTTC
clonotype101,5,0.00392156862745098,TRA:CAFMKGGGADGLTF;TRB:CASSFRYLYEQYF,TRA:TGTGCTTTCATGAAGGGAGGAGGTGCTGACGGACTCACCTTT;TRB:TGCGCCAGCAGCTTCCGATACCTCTACGAGCAGTACTTC
clonotype107,2,0.001568627450980392,TRA:CAYNNAGNMLTF;TRB:CASGRDTNYGYTF,TRA:TGTGCTTATAATAATGCAGGCAACATGCTCACCTTT;TRB:TGTGCCAGCGGCCGGGACACTAACTATGGCTACACCTTC
clonotype105,3,0.002352941176470588,TRA:CAFQEEGGSEKLVF;TRB:CSAPTRGDQPQHF,TRA:TGTGCTTTCCAAGAGGAGGGCGGATCTGAAAAGCTGGTCTTT;TRB:TGCAGTGCTCCAACCCGGGGCGATCAGCCCCAGCATTTT
clonotype113,4,0.003137254901960784,TRB:CSAPTRGDQPQHF,TRB:TGCAGTGCTCCAACCCGGGGCGATCAGCCCCAGCATTTT
clonotype111,2,0.001568627450980392,TRB:CASSYGGANVLTF,TRB:TGTGCCAGCAGTTATGGTGGGGCCAACGTCCTGACTTTC
clonotype136,3,0.002352941176470588,TRA:CAASEGETSGSRLTF;TRB:CASTFGYEQYF,TRA:TGTGCAGCAAGCGAGGGGGAAACCAGTGGCTCTAGGTTGACCTTT;TRB:TGCGCCAGCACGTTCGGCTACGAGCAGTACTTC
clonotype134,3,0.002352941176470588,TRA:CAETSGSRLTF,TRA:TGTGCGGAAACCAGTGGCTCTAGGTTGACCTTT
clonotype132,3,0.002352941176470588,TRA:CAVRSGETSGSRLTF;TRB:CASSFYYLNYGYTF,TRA:TGTGCTGTCAGATCAGGAGAAACCAGTGGCTCTAGGTTGACCTTT;TRB:TGTGCCAGCAGTTTCTACTACCTTAACTATGGCTACACCTTC
clonotype130,4,0.003137254901960784,TRA:CAVTRGNQFYF;TRB:CASSFEGWFF,TRA:TGTGCTGTGACGAGAGGTAACCAGTTCTATTTT;TRB:TGCGCCAGCAGCTTTGAGGGCTGGTTCTTC
clonotype116,4,0.003137254901960784,TRB:CASSLYNRGEAFF,TRB:TGTGCCAGCAGTTTATATAACAGGGGTGAAGCTTTCTTT
clonotype119,4,0.003137254901960784,TRA:CAATAQKLVF;TRB:CASSTPLGTFYGYTF,TRA:TGTGCTGCGACCGCCCAGAAGCTGGTATTT;TRB:TGTGCCAGCTCAACACCCCTCGGGACATTTTATGGCTACACCTTC
clonotype124,3,0.002352941176470588,TRB:CASRGRVLNQPQHF,TRB:TGTGCCAGCAGGGGCCGGGTCCTCAATCAGCCCCAGCATTTT
clonotype127,4,0.003137254901960784,TRA:CAFMNQGGSEKLVF;TRB:CASSYSIYWRREQYF,TRA:TGTGCTTTCATGAATCAGGGCGGATCTGAAAAGCTGGTCTTT;TRB:TGTGCCAGCAGTTACTCGATATATTGGAGACGCGAGCAGTACTTC
clonotype121,4,0.003137254901960784,TRA:CLHPQGGSEKLVF;TRB:CASSLIRPGLATDTQYF,TRA:TGTCTTCACCCTCAGGGCGGATCTGAAAAGCTGGTCTTT;TRB:TGTGCCAGCAGTCTAATTAGACCGGGACTAGCTACAGATACGCAGTATTTT
clonotype123,3,0.002352941176470588,TRA:CAYRSAITSGSRLTF;TRB:CASSLVRSNYGYTF,TRA:TGTGCTTATAGGAGCGCGATTACGAGTGGCTCTAGGTTGACCTTT;TRB:TGCGCCAGCAGCTTAGTCAGAAGTAACTATGGCTACACCTTC
clonotype137,2,0.001568627450980392,TRB:CASTYRGYQPQHF,TRB:TGTGCCAGCACCTACAGGGGATATCAGCCCCAGCATTTT
clonotype147,3,0.002352941176470588,TRB:CASSWTGSFSGNTIYF,TRB:TGCGCCAGCAGCTGGACAGGATCTTTCTCTGGAAACACCATATATTTT
clonotype144,3,0.002352941176470588,TRA:CAVEIIQGAQKLVF;TRB:CSATVRARGSPLHF,TRA:TGTGCTGTGGAGATAATTCAGGGAGCCCAGAAGCTGGTATTT;TRB:TGCAGTGCCACGGTTAGGGCACGGGGTTCACCCCTCCACTTT
clonotype143,3,0.002352941176470588,TRB:CASSRMVETQYF,TRB:TGTGCCAGCTCCCGGATGGTAGAGACCCAGTACTTC
clonotype140,2,0.001568627450980392,TRB:CASSFRYLYEQYF,TRB:TGCGCCAGCAGCTTCCGATACCTCTACGAGCAGTACTTC
clonotype159,3,0.002352941176470588,TRA:CAYRSADTGNQFYF;TRB:CASSLGSSNQPQHF,TRA:TGTGCTTATAGGAGCGCGGACACCGGTAACCAGTTCTATTTT;TRB:TGTGCCAGCAGTTTAGGCAGTAGCAATCAGCCCCAGCATTTT
clonotype151,3,0.002352941176470588,TRA:CAVTGNQFYF;TRB:CASSQDRTGRLYGYTF,TRA:TGTGCTGTCACCGGTAACCAGTTCTATTTT;TRB:TGCGCCAGCAGCCAAGATCGAACAGGGAGACTCTATGGCTACACCTTC
clonotype152,1,0.000784313725490196,TRA:CAVRFWGGSNYKLTF;TRB:CASSIGAGTAAFF,TRA:TGTGCTGTCAGATTTTGGGGAGGTAGCAACTATAAACTGACATTT;TRB:TGTGCCAGTAGTATTGGGGCCGGGACAGCTGCTTTCTTT
clonotype162,2,0.001568627450980392,TRB:CSAALAGRETQYF,TRB:TGCAGTGCCGCTCTAGCGGGAAGGGAGACCCAGTACTTC
clonotype165,3,0.002352941176470588,TRB:CSVEKAGVAYEQYF,TRB:TGCAGCGTTGAAAAGGCAGGGGTTGCCTACGAGCAGTACTTC
clonotype167,3,0.002352941176470588,TRA:CAQTSGSRLTF;TRB:CSEQGNYGYTF,TRA:TGTGCCCAAACCAGTGGCTCTAGGTTGACCTTT;TRB:TGCAGTGAACAGGGGAACTATGGCTACACCTTC
clonotype169,3,0.002352941176470588,TRA:CLLEETSGSRLTF;TRA:CAARAGSNYKLTF,TRA:TGTCTTCTGGAAGAAACCAGTGGCTCTAGGTTGACCTTT;TRA:TGTGCAGCCCGCGCAGGTAGCAACTATAAACTGACATTT
clonotype222,2,0.001568627450980392,TRB:CASSLRLAVRWTGELFF,TRB:TGTGCCAGCAGTTTAAGACTAGCGGTTAGATGGACCGGGGAGCTGTTTTTT
clonotype220,1,0.000784313725490196,TRB:CASSVAGGGPRSTQYF,TRB:TGTGCCAGCAGCGTAGCTGGGGGAGGCCCCCGGTCGACCCAGTACTTC
clonotype177,2,0.001568627450980392,TRB:CASRLAGNGETQYF,TRB:TGCGCCAGTAGACTAGCGGGAAACGGAGAGACCCAGTACTTC
clonotype175,2,0.001568627450980392,TRB:CSGRQGHNYGYTF,TRB:TGCAGCGGTAGACAGGGACATAACTATGGCTACACCTTC
clonotype215,2,0.001568627450980392,TRA:CAGQGAQKLVF;TRB:CASSLAWDTYRSGANVLTF,TRA:TGTGCTGGGCAGGGAGCCCAGAAGCTGGTATTT;TRB:TGTGCCAGCAGCTTAGCCTGGGACACCTATCGCTCTGGGGCCAACGTCCTGACTTTC
clonotype213,2,0.001568627450980392,TRB:CASSFYYLNYGYTF,TRB:TGTGCCAGCAGTTTCTACTACCTTAACTATGGCTACACCTTC
clonotype211,2,0.001568627450980392,TRB:CASSLRRRTGGDGYTF,TRB:TGTGCCAGCAGTTTAAGACGGCGTACAGGGGGCGATGGCTACACCTTC
clonotype219,2,0.001568627450980392,TRA:CAVENPNAGNMLTF;TRB:CATSDTGDYGYTF,TRA:TGTGCTGTGGAGAACCCTAATGCAGGCAACATGCTCACCTTT;TRB:TGTGCCACCAGTGACACAGGTGACTATGGCTACACCTTC
clonotype180,2,0.001568627450980392,TRA:CAARRSGGGADGLTF;TRB:CASRQTWTDYGYTF,TRA:TGTGCTGCCAGGCGGTCAGGAGGAGGTGCTGACGGACTCACCTTT;TRB:TGTGCCAGCAGGCAAACGTGGACAGACTATGGCTACACCTTC
clonotype186,2,0.001568627450980392,TRA:CAFMNPNTGNQFYF;TRB:CASSIGVISGNTIYF,TRA:TGTGCTTTCATGAACCCGAACACCGGTAACCAGTTCTATTTT;TRB:TGCGCCAGCAGCATAGGGGTGATCTCTGGAAACACCATATATTTT
clonotype187,2,0.001568627450980392,TRA:CAGQEETSGSRLTF;TRB:CSVEKAGVAYEQYF,TRA:TGTGCTGGGCAGGAAGAAACCAGTGGCTCTAGGTTGACCTTT;TRB:TGCAGCGTTGAAAAGGCAGGGGTTGCCTACGAGCAGTACTTC
clonotype185,1,0.000784313725490196,TRB:CATSDGGGRETQYF,TRB:TGTGCCACCAGTGATGGGGGAGGGAGGGAGACCCAGTACTTC
clonotype204,1,0.000784313725490196,TRA:CAGRLSGGSNYKLTF;TRB:CATSDGGGRETQYF,TRA:TGTGCTGGGCGGCTTAGTGGAGGTAGCAACTATAAACTGACATTT;TRB:TGTGCCACCAGTGATGGGGGAGGGAGGGAGACCCAGTACTTC
clonotype206,2,0.001568627450980392,TRA:CAYRSFYGGSQGNLIF;TRB:CASSWDRANTGELFF,TRA:TGTGCTTATAGGAGCTTTTATGGAGGAAGCCAAGGAAATCTCATCTTT;TRB:TGTGCCAGCAGTTGGGACAGGGCGAACACCGGGGAGCTGTTTTTT
clonotype199,1,0.000784313725490196,TRB:CATSDTGDYGYTF,TRB:TGTGCCACCAGTGACACAGGTGACTATGGCTACACCTTC
clonotype195,2,0.001568627450980392,TRA:CAGQEEYGNKLVF;TRB:CSARRFF,TRA:TGTGCTGGGCAGGAGGAATATGGAAACAAACTGGTCTTT;TRB:TGCAGTGCTAGGCGGTTTTTT
clonotype197,2,0.001568627450980392,TRB:CASSFEGWFF,TRB:TGCGCCAGCAGCTTTGAGGGCTGGTTCTTC
clonotype191,1,0.000784313725490196,TRB:CASSSGTLRETQYF,TRB:TGCGCCAGCAGCTCCGGGACACTTCGGGAGACCCAGTACTTC
clonotype190,1,0.000784313725490196,TRB:CASSWAPRGYTF,TRB:TGTGCCAGCAGTTGGGCCCCGAGAGGCTACACCTTC
clonotype192,2,0.001568627450980392,TRA:CAYQTSGSRLTF;TRB:CASSIRDSNQPQHF,TRA:TGTGCTTACCAAACCAGTGGCTCTAGGTTGACCTTT;TRB:TGTGCCAGCAGTATCCGGGACAGCAATCAGCCCCAGCATTTT
clonotype228,1,0.000784313725490196,TRB:CASTFGYEQYF,TRB:TGCGCCAGCACGTTCGGCTACGAGCAGTACTTC
clonotype455,1,0.000784313725490196,TRA:CAVRGTSGSRLTF;TRB:CASSLRLAVRWTGELFF,TRA:TGTGCTGTCAGGGGAACCAGTGGCTCTAGGTTGACCTTT;TRB:TGTGCCAGCAGTTTAAGACTAGCGGTTAGATGGACCGGGGAGCTGTTTTTT
clonotype353,1,0.000784313725490196,TRA:CAGQGGSNYKLTF;TRB:CSAEWTSGFSETQYF,TRA:TGTGCTGGCCAAGGAGGTAGCAACTATAAACTGACATTT;TRB:TGCAGTGCTGAATGGACTAGCGGGTTCTCCGAGACCCAGTACTTC
clonotype292,1,0.000784313725490196,TRB:CATSDPHLGLGYTF;TRB:CASSYGGANVLTF,TRB:TGTGCCACCAGTGATCCCCATTTGGGGTTAGGCTACACCTTC;TRB:TGTGCCAGCAGTTATGGTGGGGCCAACGTCCTGACTTTC
clonotype293,1,0.000784313725490196,TRA:CAVGGTSYDKVIF;TRB:CASSLWENTEAFF,TRA:TGTGCTGTCGGGGGAACCTCCTACGACAAGGTGATATTT;TRB:TGTGCCAGCAGTTTGTGGGAGAACACTGAAGCTTTCTTT
clonotype313,1,0.000784313725490196,TRA:CAVMDGSRLTF;TRB:CSGGLVPATQYF;TRB:CASRTSYTGELFF,TRA:TGTGCTGTCATGGATGGCTCTAGGTTGACCTTT;TRB:TGCAGCGGAGGACTGGTCCCAGCTACGCAGTATTTT;TRB:TGTGCCAGCAGGACTAGCTACACCGGGGAGCTGTTTTTT
clonotype310,1,0.000784313725490196,TRA:CAVSVLGNEKLTF;TRB:CASSYLSGPAYNEQFF,TRA:TGTGCTGTCTCGGTACTTGGAAATGAGAAATTAACCTTT;TRB:TGTGCCAGCAGTTACCTTAGCGGGCCTGCCTACAATGAGCAGTTCTTC
clonotype315,1,0.000784313725490196,TRA:CAARWGGSQGNLIF;TRB:CASSPEGGVTYEQYF,TRA:TGTGCAGCAAGGTGGGGAGGAAGCCAAGGAAATCTCATCTTT;TRB:TGTGCCAGCAGCCCGGAAGGGGGGGTAACCTACGAGCAGTACTTC
clonotype535,1,0.000784313725490196,TRA:CAVGYSGGSNYKLTF;TRB:CASSLWDLNQPQHF,TRA:TGTGCTGTGGGATATAGTGGAGGTAGCAACTATAAACTGACATTT;TRB:TGTGCCAGCAGCTTATGGGACCTCAATCAGCCCCAGCATTTT
clonotype539,1,0.000784313725490196,TRB:CATSDPHLGLGYTF,TRB:TGTGCCACCAGTGATCCCCATTTGGGGTTAGGCTACACCTTC
clonotype401,1,0.000784313725490196,TRA:CLLEETSGSRLTF;TRA:CAARAGSNYKLTF;TRA:CAVEIIQGAQKLVF;TRB:CSATVRARGSPLHF;TRB:CAGIGGAVDYGYTF,TRA:TGTCTTCTGGAAGAAACCAGTGGCTCTAGGTTGACCTTT;TRA:TGTGCAGCCCGCGCAGGTAGCAACTATAAACTGACATTT;TRA:TGTGCTGTGGAGATAATTCAGGGAGCCCAGAAGCTGGTATTT;TRB:TGCAGTGCCACGGTTAGGGCACGGGGTTCACCCCTCCACTTT;TRB:TGTGCCGGAATCGGGGGCGCGGTGGACTATGGCTACACCTTC
clonotype443,1,0.000784313725490196,TRA:CAGRASNYKLTF;TRB:CSALPHAANEKLFF,TRA:TGTGCCGGGCGCGCGAGCAACTATAAACTGACATTT;TRB:TGCAGTGCTCTACCCCACGCGGCTAATGAAAAACTGTTTTTT
clonotype442,1,0.000784313725490196,TRA:CAARETSGSRLTF,TRA:TGTGCCGCACGGGAAACCAGTGGCTCTAGGTTGACCTTT
clonotype281,1,0.000784313725490196,TRA:CLLEETSGSRLTF;TRB:CAGIGGAVDYGYTF,TRA:TGTCTTCTGGAAGAAACCAGCGGCTCTAGGTTGACCTTT;TRB:TGTGCCGGAATCGGGGGCGCGGTGGACTATGGCTACACCTTC
clonotype280,1,0.000784313725490196,TRB:CASPPRLDTEAFF,TRB:TGTGCCAGCCCTCCTCGGCTTGACACTGAAGCTTTCTTT
clonotype285,1,0.000784313725490196,TRA:CAVEEGSQGNLIF,TRA:TGTGCTGTGGAAGAAGGAAGCCAAGGAAATCTCATCTTT
clonotype284,1,0.000784313725490196,TRA:CIVRVVGVQGGSEKLVF;TRB:CASSLYNRGEAFF,TRA:TGCATCGTCAGAGTCGTGGGAGTACAGGGCGGATCTGAAAAGCTGGTCTTT;TRB:TGTGCCAGCAGTTTATATAACAGGGGTGAAGCTTTCTTT
clonotype549,1,0.000784313725490196,TRA:CAVRLIPRQGAQKLVF,TRA:TGTGCTGTCAGATTAATCCCCAGGCAAGGAGCCCAGAAGCTGGTATTT
clonotype542,1,0.000784313725490196,TRA:CAYRRAIQGAQKLVF;TRB:CASREHYRVSGELFF,TRA:TGTGCTTATAGGAGAGCGATTCAGGGAGCCCAGAAGCTGGTATTT;TRB:TGTGCCAGCAGGGAGCATTACAGGGTTAGCGGGGAGCTGTTTTTT
clonotype248,1,0.000784313725490196,TRA:CAVRLIPRQGAQKLVF;TRB:CASSIGHRVNYGYTF,TRA:TGTGCTGTCAGATTAATCCCCAGGCAAGGAGCCCAGAAGCTGGTATTT;TRB:TGTGCCAGTAGTATAGGTCACAGGGTAAACTATGGCTACACCTTC
clonotype247,1,0.000784313725490196,TRA:CAAYVGGSNYKLTF;TRB:CASAVGYAYNEQFF,TRA:TGTGCTGCGTATGTTGGAGGTAGCAACTATAAACTGACATTT;TRB:TGTGCCAGTGCGGTGGGCTACGCCTACAATGAGCAGTTCTTC
clonotype246,1,0.000784313725490196,TRA:CAGATSGTYKYIF;TRB:CASRDVSGANVLTF,TRA:TGTGCAGGTGCCACCTCAGGAACCTACAAATACATCTTT;TRB:TGCGCCAGCAGAGATGTGAGTGGGGCCAACGTCCTGACTTTC
clonotype240,1,0.000784313725490196,TRB:CASSIGAGTAAFF,TRB:TGTGCCAGTAGTATTGGGGCCGGGACAGCTGCTTTCTTT
clonotype243,1,0.000784313725490196,TRA:CAYLEIQGAQKLVF;TRB:CATSDFSPLRDTQYF,TRA:TGTGCTTATTTAGAAATTCAGGGAGCCCAGAAGCTGGTATTT;TRB:TGTGCCACCAGTGATTTTTCCCCGTTACGAGATACGCAGTATTTT
clonotype380,1,0.000784313725490196,TRA:CAFVLGDNTTRTSGSRLTF;TRB:CASSVNRGNYYGYTF,TRA:TGTGCTTTTGTACTGGGGGATAATACGACTCGAACCAGTGGCTCTAGGTTGACCTTT;TRB:TGTGCCAGCAGCGTTAACAGGGGAAACTACTATGGCTACACCTTC
clonotype387,1,0.000784313725490196,TRA:CAYRTLIQGAQKLVF;TRB:CASSYRYEQYF;TRB:CAISGQETQYF,TRA:TGTGCTTATAGGACCCTAATTCAGGGAGCCCAGAAGCTGGTATTT;TRB:TGTGCCAGCAGTTACCGCTACGAGCAGTACTTC;TRB:TGTGCCATCAGTGGCCAAGAGACCCAGTACTTC
clonotype527,1,0.000784313725490196,TRA:CAGHRGTGNQFYF;TRB:CASRLAGNGETQYF,TRA:TGTGCTGGGCATAGAGGAACCGGTAACCAGTTCTATTTT;TRB:TGCGCCAGTAGACTAGCGGGAAACGGAGAGACCCAGTACTTC
clonotype374,1,0.000784313725490196,TRA:CAYRSGGSNYKLTF,TRA:TGTGCTTATAGGAGTGGAGGTAGCAACTATAAACTGACATTT
clonotype479,1,0.000784313725490196,TRB:CASSYSIYWRREQYF,TRB:TGTGCCAGCAGTTACTCGATATATTGGAGACGCGAGCAGTACTTC
clonotype277,1,0.000784313725490196,TRA:CLLEETSGSRLTF,TRA:TGTCTTCTGGAAGAAACCAGTGGCTCTAGGTTGACCTTT
clonotype498,1,0.000784313725490196,TRA:CAYREGAQKLVF;TRB:CASSVDSFYQPQHF,TRA:TGTGCTTATAGGGAGGGAGCCCAGAAGCTGGTATTT;TRB:TGTGCCAGCAGCGTAGACAGTTTTTATCAGCCCCAGCATTTT
clonotype301,1,0.000784313725490196,TRA:CAVYSGGGADGLTF,TRA:TGTGCTGTCTATTCAGGAGGAGGTGCTGACGGACTCACCTTT
clonotype232,1,0.000784313725490196,TRB:CANRGGGANVLTF,TRB:TGCGCCAACAGGGGCGGTGGGGCCAACGTCCTGACTTTC
clonotype231,1,0.000784313725490196,TRA:CAYRRTGNQFYF;TRB:CASSFRGLTPSNQPQHF,TRA:TGTGCTTATAGACGCACCGGTAACCAGTTCTATTTT;TRB:TGTGCCAGCAGTTTCCGGGGGCTAACACCTAGCAATCAGCCCCAGCATTTT
clonotype514,1,0.000784313725490196,TRA:CAARAGSNYKLTF;TRB:CASSRGRSQQYF;TRB:CAGIGGAVDYGYTF,TRA:TGTGCAGCCCGCGCAGGTAGCAACTATAAACTGACATTT;TRB:TGTGCCAGCAGCCGAGGAAGATCCCAGCAGTACTTC;TRB:TGTGCCGGAATCGGGGGCGCGGTGGACTATGGCTACACCTTC
clonotype391,1,0.000784313725490196,TRA:CLLVGDKETSGSRLTF;TRB:CASSQGTEAFF,TRA:TGTCTTCTGGTGGGGGATAAAGAAACCAGTGGCTCTAGGTTGACCTTT;TRB:TGTGCCAGCAGTCAGGGCACTGAAGCTTTCTTT
clonotype304,1,0.000784313725490196,TRB:CSARRFF;TRB:CAGIGGAVDYGYTF,TRB:TGCAGTGCTAGGCGGTTTTTT;TRB:TGTGCCGGAATCGGGGGCGCGGTGGACTATGGCTACACCTTC
clonotype267,1,0.000784313725490196,TRA:CAFMKHARIQGAQKLVF;TRB:CASSFRYLYEQYF,TRA:TGTGCTTTCATGAAGCATGCGCGAATTCAGGGAGCCCAGAAGCTGGTATTT;TRB:TGCGCCAGCAGCTTCCGATACCTCTACGAGCAGTACTTC
clonotype266,1,0.000784313725490196,TRA:CAQTSGSRLTF;TRB:CSEQGNYGYTF;TRB:CAGIGGAVDYGYTF,TRA:TGTGCCCAAACCAGTGGCTCTAGGTTGACCTTT;TRB:TGCAGTGAACAGGGGAACTATGGCTACACCTTC;TRB:TGTGCCGGAATCGGGGGCGCGGTGGACTATGGCTACACCTTC
clonotype261,1,0.000784313725490196,TRB:CAWMGGYEQYF,TRB:TGTGCCTGGATGGGGGGCTACGAGCAGTACTTC
clonotype483,1,0.000784313725490196,TRA:CAGREGAQKLVF;TRB:CASSPGAFYGYTF,TRA:TGTGCAGGGCGGGAGGGAGCCCAGAAGCTGGTATTT;TRB:TGTGCCAGCTCACCAGGGGCCTTCTATGGCTACACCTTC
clonotype550,42,0.03294117647058824,TRA:CLLEETSGSRLTF;TRA:CAARAGSNYKLTF;TRB:CAGIGGAVDYGYTF,TRA:TGTCTTCTGGAAGAAACCAGTGGCTCTAGGTTGACCTTT;TRA:TGTGCAGCCCGCGCAGGTAGCAACTATAAACTGACATTT;TRB:TGTGCCGGAATCGGGGGCGCGGTGGACTATGGCTACACCTTC
clonotype551,39,0.03058823529411765,TRB:CASSLGGQRDIQYF,TRB:TGTGCCAGCAGCTTAGGGGGGCAGAGGGACATTCAGTACTTC
clonotype553,35,0.027450980392156862,TRA:CLHPQGGSEKLVF;TRA:CAVNSGGSNYKLTF;TRB:CASSLIRPGLATDTQYF,TRA:TGTCTTCACCCTCAGGGCGGATCTGAAAAGCTGGTCTTT;TRA:TGTGCTGTCAATAGTGGAGGTAGCAACTATAAACTGACATTT;TRB:TGTGCCAGCAGTCTAATTAGACCGGGACTAGCTACAGATACGCAGTATTTT
clonotype552,35,0.027450980392156862,TRA:CAARAGSNYKLTF;TRB:CAGIGGAVDYGYTF,TRA:TGTGCAGCCCGCGCAGGTAGCAACTATAAACTGACATTT;TRB:TGTGCCGGAATCGGGGGCGCGGTGGACTATGGCTACACCTTC
clonotype554,32,0.025098039215686273,TRA:CAVYSGGGADGLTF;TRB:CASSSGNTIYF,TRA:TGTGCTGTCTATTCAGGAGGAGGTGCTGACGGACTCACCTTT;TRB:TGCGCCAGCAGCTCTGGAAACACCATATATTTT
clonotype556,31,0.02431372549019608,TRA:CLLEETSGSRLTF;TRB:CAGIGGAVDYGYTF,TRA:TGTCTTCTGGAAGAAACCAGTGGCTCTAGGTTGACCTTT;TRB:TGTGCCGGAATCGGGGGCGCGGTGGACTATGGCTACACCTTC
clonotype555,34,0.02666666666666667,TRA:CAETSGSRLTF;TRB:CASSPFMSGELFF,TRA:TGTGCGGAAACCAGTGGCTCTAGGTTGACCTTT;TRB:TGTGCCAGCAGCCCTTTTATGTCCGGGGAGCTGTTTTTT
clonotype557,29,0.022745098039215685,TRA:CAAARETSGSRLTF;TRB:CATSGTPNYGYTF,TRA:TGTGCTGCTGCTAGGGAAACCAGTGGCTCTAGGTTGACCTTT;TRB:TGTGCCACCAGTGGTACACCTAACTATGGCTACACCTTC
clonotype558,24,0.018823529411764704,TRA:CAGAGSGGSNYKLTF;TRB:CASSRMVETQYF,TRA:TGTGCAGGAGCGGGGAGTGGAGGTAGCAACTATAAACTGACATTT;TRB:TGTGCCAGCTCCCGGATGGTAGAGACCCAGTACTTC
clonotype559,25,0.0196078431372549,TRA:CAVEAKKETSGSRLTF;TRB:CASRYTLLSYEQYF,TRA:TGTGCTGTGGAGGCGAAAAAAGAAACCAGTGGCTCTAGGTTGACCTTT;TRB:TGCGCCAGCAGGTATACCCTTCTTTCCTACGAGCAGTACTTC
clonotype560,22,0.017254901960784313,TRA:CAYRSADAGGTSYGKLTF;TRB:CSAALAGRETQYF,TRA:TGTGCTTATAGGAGCGCGGATGCTGGTGGTACTAGCTATGGAAAGCTGACATTT;TRB:TGCAGTGCCGCTCTAGCGGGAAGGGAGACCCAGTACTTC
clonotype561,23,0.01803921568627451,TRA:CAVGETSGSRLTF,TRA:TGTGCCGTCGGGGAAACCAGTGGCTCTAGGTTGACCTTT
clonotype562,22,0.017254901960784313,TRB:CATSGTPNYGYTF,TRB:TGTGCCACCAGTGGTACACCTAACTATGGCTACACCTTC
clonotype563,16,0.012549019607843137,TRA:CAYRSGGSNYKLTF;TRB:CAISLTGNNSPLHF,TRA:TGTGCTTATAGGAGTGGAGGTAGCAACTATAAACTGACATTT;TRB:TGTGCCATCAGCCTCACAGGGAATAATTCACCCCTCCACTTT
clonotype564,16,0.012549019607843137,TRA:CAFARYRSMDSNYQLIW;TRB:CASRGRVLNQPQHF,TRA:TGTGCTTTCGCGCGATACCGATCAATGGATAGCAACTATCAGTTAATCTGG;TRB:TGTGCCAGCAGGGGCCGGGTCCTCAATCAGCCCCAGCATTTT
clonotype565,14,0.010980392156862745,TRA:CAYREGAQKLVF;TRB:CASSVAGGGPRSTQYF,TRA:TGTGCTTATAGGGAGGGAGCCCAGAAGCTGGTATTT;TRB:TGTGCCAGCAGCGTAGCTGGGGGAGGCCCCCGGTCGACCCAGTACTTC
clonotype566,11,0.008627450980392156,TRA:CAFMKGGGADGLTF;TRB:CASSFRYLYEQYF,TRA:TGTGCTTTCATGAAGGGAGGAGGTGCTGACGGACTCACCTTT;TRB:TGCGCCAGCAGCTTCCGATACCTCTACGAGCAGTACTTC
clonotype567,11,0.008627450980392156,TRA:CAVRSGETSGSRLTF;TRB:CASSFYYLNYGYTF,TRA:TGTGCTGTCAGATCAGGAGAAACCAGTGGCTCTAGGTTGACCTTT;TRB:TGTGCCAGCAGTTTCTACTACCTTAACTATGGCTACACCTTC
clonotype569,12,0.009411764705882352,TRA:CAVNSGGSNYKLTF;TRB:CASSLIRPGLATDTQYF,TRA:TGTGCTGTCAATAGTGGAGGTAGCAACTATAAACTGACATTT;TRB:TGTGCCAGCAGTCTAATTAGACCGGGACTAGCTACAGATACGCAGTATTTT
clonotype568,10,0.00784313725490196,TRA:CAARETSGSRLTF;TRB:CASSYGGANVLTF,TRA:TGTGCCGCACGGGAAACCAGTGGCTCTAGGTTGACCTTT;TRB:TGTGCCAGCAGTTATGGTGGGGCCAACGTCCTGACTTTC
clonotype570,10,0.00784313725490196,TRA:CAVEEGSQGNLIF;TRB:CATSDPHLGLGYTF,TRA:TGTGCTGTGGAAGAAGGAAGCCAAGGAAATCTCATCTTT;TRB:TGTGCCACCAGTGATCCCCATTTGGGGTTAGGCTACACCTTC
clonotype571,10,0.00784313725490196,TRA:CAVENPNAGNMLTF;TRB:CATSDTGDYGYTF,TRA:TGTGCTGTGGAGAACCCTAATGCAGGCAACATGCTCACCTTT;TRB:TGTGCCACCAGTGACACAGGTGACTATGGCTACACCTTC
clonotype572,10,0.00784313725490196,TRA:CAYKRNTGNQFYF;TRB:CASSLVDRGQYF,TRA:TGTGCTTATAAACGGAACACCGGTAACCAGTTCTATTTT;TRB:TGTGCCAGCAGCTTAGTGGACAGGGGACAGTACTTC
clonotype573,9,0.007058823529411765,TRA:CAYRTLIQGAQKLVF;TRB:CASSYRYEQYF,TRA:TGTGCTTATAGGACCCTAATTCAGGGAGCCCAGAAGCTGGTATTT;TRB:TGTGCCAGCAGTTACCGCTACGAGCAGTACTTC
clonotype574,8,0.006274509803921568,TRB:CASSYGGANVLTF,TRB:TGTGCCAGCAGTTATGGTGGGGCCAACGTCCTGACTTTC
clonotype575,7,0.005490196078431373,TRA:CAYRSAITSGSRLTF;TRB:CASSLVRSNYGYTF,TRA:TGTGCTTATAGGAGCGCGATTACGAGTGGCTCTAGGTTGACCTTT;TRB:TGCGCCAGCAGCTTAGTCAGAAGTAACTATGGCTACACCTTC
clonotype577,9,0.007058823529411765,TRA:CALRTGNQFYF;TRB:CASGPRGIGANVLTF,TRA:TGTGCCCTTCGGACCGGTAACCAGTTCTATTTT;TRB:TGTGCTAGTGGTCCAAGGGGGATAGGGGCCAACGTCCTGACTTTC
clonotype576,7,0.005490196078431373,TRA:CAVRFWGGSNYKLTF;TRB:CASSIGAGTAAFF,TRA:TGTGCTGTCAGATTTTGGGGAGGTAGCAACTATAAACTGACATTT;TRB:TGTGCCAGTAGTATTGGGGCCGGGACAGCTGCTTTCTTT
clonotype581,7,0.005490196078431373,TRA:CAVTRGNQFYF;TRB:CASSFEGWFF,TRA:TGTGCTGTGACGAGAGGTAACCAGTTCTATTTT;TRB:TGCGCCAGCAGCTTTGAGGGCTGGTTCTTC
clonotype578,5,0.00392156862745098,TRA:CAYRRTGNQFYF;TRB:CASSFRGLTPSNQPQHF,TRA:TGTGCTTATAGACGCACCGGTAACCAGTTCTATTTT;TRB:TGTGCCAGCAGTTTCCGGGGGCTAACACCTAGCAATCAGCCCCAGCATTTT
clonotype582,8,0.006274509803921568,TRA:CAATAQKLVF;TRB:CASSTPLGTFYGYTF,TRA:TGTGCTGCGACCGCCCAGAAGCTGGTATTT;TRB:TGTGCCAGCTCAACACCCCTCGGGACATTTTATGGCTACACCTTC
clonotype580,7,0.005490196078431373,TRA:CAGQEEYGNKLVF;TRB:CSARRFF,TRA:TGTGCTGGGCAGGAGGAATATGGAAACAAACTGGTCTTT;TRB:TGCAGTGCTAGGCGGTTTTTT
clonotype579,7,0.005490196078431373,TRA:CAVGDSGTYKYIF;TRB:CASSSGTLRETQYF,TRA:TGTGCCGTGGGGGACTCAGGAACCTACAAATACATCTTT;TRB:TGCGCCAGCAGCTCCGGGACACTTCGGGAGACCCAGTACTTC
clonotype586,7,0.005490196078431373,TRB:CAGIGGAVDYGYTF,TRB:TGTGCCGGAATCGGGGGCGCGGTGGACTATGGCTACACCTTC
clonotype584,7,0.005490196078431373,TRA:CAYRSAPTSGSRLTF;TRB:CSAGSRGLTYGYTF,TRA:TGTGCTTATAGGAGCGCGCCAACCAGTGGCTCTAGGTTGACCTTT;TRB:TGCAGTGCTGGAAGCAGGGGGCTGACTTATGGCTACACCTTC
clonotype585,7,0.005490196078431373,TRA:CAVRGNSGGSNYKLTF;TRB:CASSLRLAGGGTQYF,TRA:TGTGCTGTCAGGGGGAATAGTGGAGGTAGCAACTATAAACTGACATTT;TRB:TGCGCCAGCAGCTTGCGGCTAGCGGGAGGGGGTACGCAGTATTTT
clonotype583,5,0.00392156862745098,TRB:CSARRFF,TRB:TGCAGTGCTAGGCGGTTTTTT
clonotype591,4,0.003137254901960784,TRA:CAETSGSRLTF,TRA:TGTGCGGAAACCAGTGGCTCTAGGTTGACCTTT
clonotype592,6,0.004705882352941176,TRA:CAVGHEKLTF;TRB:CASTYRGYQPQHF,TRA:TGTGCTGTCGGCCATGAGAAATTAACCTTT;TRB:TGTGCCAGCACCTACAGGGGATATCAGCCCCAGCATTTT
clonotype588,5,0.00392156862745098,TRA:CAFMKPGGGADGLTF;TRB:CASSWTGSFSGNTIYF,TRA:TGTGCTTTCATGAAGCCAGGAGGAGGTGCTGACGGACTCACCTTT;TRB:TGCGCCAGCAGCTGGACAGGATCTTTCTCTGGAAACACCATATATTTT
clonotype587,6,0.004705882352941176,TRA:CAFQEEGGSEKLVF;TRB:CSAPTRGDQPQHF,TRA:TGTGCTTTCCAAGAGGAGGGCGGATCTGAAAAGCTGGTCTTT;TRB:TGCAGTGCTCCAACCCGGGGCGATCAGCCCCAGCATTTT
clonotype590,6,0.004705882352941176,TRA:CAQTSGSRLTF;TRB:CSEQGNYGYTF,TRA:TGTGCCCAAACCAGTGGCTCTAGGTTGACCTTT;TRB:TGCAGTGAACAGGGGAACTATGGCTACACCTTC
clonotype589,4,0.003137254901960784,TRA:CAASEGETSGSRLTF;TRB:CASTFGYEQYF,TRA:TGTGCAGCAAGCGAGGGGGAAACCAGTGGCTCTAGGTTGACCTTT;TRB:TGCGCCAGCACGTTCGGCTACGAGCAGTACTTC
clonotype595,5,0.00392156862745098,TRB:CASSSGNTIYF,TRB:TGCGCCAGCAGCTCTGGAAACACCATATATTTT
clonotype593,4,0.003137254901960784,TRB:CASSRMVETQYF,TRB:TGTGCCAGCTCCCGGATGGTAGAGACCCAGTACTTC
clonotype597,5,0.00392156862745098,TRA:CLLVGDKETSGSRLTF;TRB:CASSQGTEAFF,TRA:TGTCTTCTGGTGGGGGATAAAGAAACCAGTGGCTCTAGGTTGACCTTT;TRB:TGTGCCAGCAGTCAGGGCACTGAAGCTTTCTTT
clonotype594,4,0.003137254901960784,TRA:CAYNNAGNMLTF;TRB:CASGRDTNYGYTF,TRA:TGTGCTTATAATAATGCAGGCAACATGCTCACCTTT;TRB:TGTGCCAGCGGCCGGGACACTAACTATGGCTACACCTTC
clonotype596,5,0.00392156862745098,TRA:CAGQGAQKLVF;TRB:CASSLAWDTYRSGANVLTF,TRA:TGTGCTGGGCAGGGAGCCCAGAAGCTGGTATTT;TRB:TGTGCCAGCAGCTTAGCCTGGGACACCTATCGCTCTGGGGCCAACGTCCTGACTTTC
clonotype600,3,0.002352941176470588,TRB:CASRYTLLSYEQYF,TRB:TGCGCCAGCAGGTATACCCTTCTTTCCTACGAGCAGTACTTC
clonotype601,3,0.002352941176470588,TRB:CASSFEGWFF,TRB:TGCGCCAGCAGCTTTGAGGGCTGGTTCTTC
clonotype599,4,0.003137254901960784,TRA:CAFMNRRSGGGADGLTF;TRB:CASRLGFNYGYTF,TRA:TGTGCTTTCATGAATAGGAGGTCAGGAGGAGGTGCTGACGGACTCACCTTT;TRB:TGCGCCAGCAGACTGGGATTTAACTATGGCTACACCTTC
clonotype598,1,0.000784313725490196,TRB:CASSSGTLRETQYF,TRB:TGCGCCAGCAGCTCCGGGACACTTCGGGAGACCCAGTACTTC
clonotype610,3,0.002352941176470588,TRB:CATSDPHLGLGYTF,TRB:TGTGCCACCAGTGATCCCCATTTGGGGTTAGGCTACACCTTC
clonotype612,3,0.002352941176470588,TRB:CASSFRYLYEQYF,TRB:TGCGCCAGCAGCTTCCGATACCTCTACGAGCAGTACTTC
clonotype609,3,0.002352941176470588,TRA:CLHPQGGSEKLVF;TRB:CASSLIRPGLATDTQYF,TRA:TGTCTTCACCCTCAGGGCGGATCTGAAAAGCTGGTCTTT;TRB:TGTGCCAGCAGTCTAATTAGACCGGGACTAGCTACAGATACGCAGTATTTT
clonotype605,3,0.002352941176470588,TRB:CASSPFMSGELFF,TRB:TGTGCCAGCAGCCCTTTTATGTCCGGGGAGCTGTTTTTT
clonotype608,3,0.002352941176470588,TRA:CAYRSFYGGSQGNLIF;TRB:CASSWDRANTGELFF,TRA:TGTGCTTATAGGAGCTTTTATGGAGGAAGCCAAGGAAATCTCATCTTT;TRB:TGTGCCAGCAGTTGGGACAGGGCGAACACCGGGGAGCTGTTTTTT
clonotype604,2,0.001568627450980392,TRA:CAVGGTSYDKVIF;TRB:CASSLWENTEAFF,TRA:TGTGCTGTCGGGGGAACCTCCTACGACAAGGTGATATTT;TRB:TGTGCCAGCAGTTTGTGGGAGAACACTGAAGCTTTCTTT
clonotype602,3,0.002352941176470588,TRA:CAASEIEGGSEKLVF;TRB:CASSDMGSWSYGYTF,TRA:TGTGCAGCAAGCGAGATTGAGGGCGGATCTGAAAAGCTGGTCTTT;TRB:TGTGCCAGCAGTGACATGGGCAGTTGGTCCTATGGCTACACCTTC
clonotype611,3,0.002352941176470588,TRB:CATSDTGDYGYTF,TRB:TGTGCCACCAGTGACACAGGTGACTATGGCTACACCTTC
clonotype607,3,0.002352941176470588,TRB:CASSVAGGGPRSTQYF,TRB:TGTGCCAGCAGCGTAGCTGGGGGAGGCCCCCGGTCGACCCAGTACTTC
clonotype603,2,0.001568627450980392,TRB:CASRGRVLNQPQHF,TRB:TGTGCCAGCAGGGGCCGGGTCCTCAATCAGCCCCAGCATTTT
clonotype606,3,0.002352941176470588,TRA:CAFMNPNTGNQFYF;TRB:CASSIGVISGNTIYF,TRA:TGTGCTTTCATGAACCCGAACACCGGTAACCAGTTCTATTTT;TRB:TGCGCCAGCAGCATAGGGGTGATCTCTGGAAACACCATATATTTT
clonotype617,2,0.001568627450980392,TRA:CAGRLSGGSNYKLTF;TRB:CATSDGGGRETQYF,TRA:TGTGCTGGGCGGCTTAGTGGAGGTAGCAACTATAAACTGACATTT;TRB:TGTGCCACCAGTGATGGGGGAGGGAGGGAGACCCAGTACTTC
clonotype624,2,0.001568627450980392,TRB:CASSYPPGLNTGELFF,TRB:TGTGCCAGCAGTTACCCCCCGGGCTTAAACACCGGGGAGCTGTTTTTT
clonotype614,2,0.001568627450980392,TRA:CATDPLRGNTPLVF;TRB:CASRKTSGGINEQFF,TRA:TGTGCTACGGACCCATTGAGAGGAAACACACCTCTTGTCTTT;TRB:TGTGCCAGTAGAAAGACTAGCGGGGGGATCAATGAGCAGTTCTTC
clonotype628,2,0.001568627450980392,TRA:CAFMNQGGSEKLVF;TRB:CASSYSIYWRREQYF,TRA:TGTGCTTTCATGAATCAGGGCGGATCTGAAAAGCTGGTCTTT;TRB:TGTGCCAGCAGTTACTCGATATATTGGAGACGCGAGCAGTACTTC
clonotype620,2,0.001568627450980392,TRB:CASSYSIYWRREQYF,TRB:TGTGCCAGCAGTTACTCGATATATTGGAGACGCGAGCAGTACTTC
clonotype623,2,0.001568627450980392,TRA:CLLEETSGSRLTF;TRA:CAARAGSNYKLTF;TRB:CASSYGGANVLTF,TRA:TGTCTTCTGGAAGAAACCAGTGGCTCTAGGTTGACCTTT;TRA:TGTGCAGCCCGCGCAGGTAGCAACTATAAACTGACATTT;TRB:TGTGCCAGCAGTTATGGTGGGGCCAACGTCCTGACTTTC
clonotype625,2,0.001568627450980392,TRA:CAVSIIRGGSEKLVF;TRB:CASSDLTGDNEKLFF,TRA:TGTGCTGTGAGTATAATTCGAGGCGGATCTGAAAAGCTGGTCTTT;TRB:TGCGCCAGCAGTGACCTGACGGGAGATAATGAAAAACTGTTTTTT
clonotype613,2,0.001568627450980392,TRA:CLLEETSGSRLTF;TRA:CAARAGSNYKLTF,TRA:TGTCTTCTGGAAGAAACCAGTGGCTCTAGGTTGACCTTT;TRA:TGTGCAGCCCGCGCAGGTAGCAACTATAAACTGACATTT
clonotype627,2,0.001568627450980392,TRA:CAGRLSGGSNYKLTF,TRA:TGTGCTGGGCGGCTTAGTGGAGGTAGCAACTATAAACTGACATTT
clonotype622,2,0.001568627450980392,TRB:CASSLRLAGGGTQYF,TRB:TGCGCCAGCAGCTTGCGGCTAGCGGGAGGGGGTACGCAGTATTTT
clonotype621,2,0.001568627450980392,TRB:CASGPRGIGANVLTF,TRB:TGTGCTAGTGGTCCAAGGGGGATAGGGGCCAACGTCCTGACTTTC
clonotype626,2,0.001568627450980392,TRB:CAWMGGYEQYF,TRB:TGTGCCTGGATGGGGGGCTACGAGCAGTACTTC
clonotype616,2,0.001568627450980392,TRA:CAGQEETSGSRLTF;TRB:CSVEKAGVAYEQYF,TRA:TGTGCTGGGCAGGAAGAAACCAGTGGCTCTAGGTTGACCTTT;TRB:TGCAGCGTTGAAAAGGCAGGGGTTGCCTACGAGCAGTACTTC
clonotype631,2,0.001568627450980392,TRB:CASSLAWDTYRSGANVLTF,TRB:TGTGCCAGCAGCTTAGCCTGGGACACCTATCGCTCTGGGGCCAACGTCCTGACTTTC
clonotype618,2,0.001568627450980392,TRA:CAVSDQWAGGTSYGKLTF;TRB:CASSQNSGRKREQFF,TRA:TGTGCTGTGAGTGACCAGTGGGCTGGTGGTACTAGCTATGGAAAGCTGACATTT;TRB:TGTGCCAGCAGCCAAAATAGCGGGAGAAAGCGTGAGCAGTTCTTC
clonotype615,2,0.001568627450980392,TRA:CAVNEGAQKLVF;TRA:CAFVLGDNTTRTSGSRLTF;TRB:CASSVNRGNYYGYTF,TRA:TGTGCTGTCAATGAGGGAGCCCAGAAGCTGGTATTT;TRA:TGTGCTTTTGTACTGGGGGATAATACGACTCGAACCAGTGGCTCTAGGTTGACCTTT;TRB:TGTGCCAGCAGCGTTAACAGGGGAAACTACTATGGCTACACCTTC
clonotype630,1,0.000784313725490196,TRB:CASSFYYLNYGYTF,TRB:TGTGCCAGCAGTTTCTACTACCTTAACTATGGCTACACCTTC
clonotype629,2,0.001568627450980392,TRA:CAYQTSGSRLTF;TRB:CASSIRDSNQPQHF,TRA:TGTGCTTACCAAACCAGTGGCTCTAGGTTGACCTTT;TRB:TGTGCCAGCAGTATCCGGGACAGCAATCAGCCCCAGCATTTT
clonotype619,2,0.001568627450980392,TRB:CASSIGAGTAAFF,TRB:TGTGCCAGTAGTATTGGGGCCGGGACAGCTGCTTTCTTT
clonotype667,1,0.000784313725490196,TRA:CAAGLLYSGGGADGLTF;TRB:CASSLRRRTGGDGYTF,TRA:TGTGCCGCGGGCTTATTGTATTCAGGAGGAGGTGCTGACGGACTCACCTTT;TRB:TGTGCCAGCAGTTTAAGACGGCGTACAGGGGGCGATGGCTACACCTTC
clonotype663,1,0.000784313725490196,TRA:CAYRSADAGGTSYGKLTF;TRB:CASSWDRANTGELFF,TRA:TGTGCTTATAGGAGCGCGGATGCTGGTGGTACTAGCTATGGAAAGCTGACATTT;TRB:TGTGCCAGCAGTTGGGACAGGGCGAACACCGGGGAGCTGTTTTTT
clonotype633,1,0.000784313725490196,TRA:CAYRSGGGADGLTF;TRB:CASSPRTGYNEQFF,TRA:TGTGCTTATAGATCAGGAGGAGGTGCTGACGGACTCACCTTT;TRB:TGTGCCAGCTCACCACGGACAGGGTACAATGAGCAGTTCTTC
clonotype655,1,0.000784313725490196,TRB:CASRLAGNGETQYF,TRB:TGCGCCAGTAGACTAGCGGGAAACGGAGAGACCCAGTACTTC
clonotype653,1,0.000784313725490196,TRB:CSVEKAGVAYEQYF,TRB:TGCAGCGTTGAAAAGGCAGGGGTTGCCTACGAGCAGTACTTC
clonotype676,1,0.000784313725490196,TRA:CAVWGAQKLVF;TRB:CASSLDGQSNQPQHF,TRA:TGTGCTGTGTGGGGAGCCCAGAAGCTGGTATTT;TRB:TGCGCCAGCAGCCTTGACGGACAGAGCAATCAGCCCCAGCATTTT
clonotype649,1,0.000784313725490196,TRA:CAVEAKKETSGSRLTF;TRB:CASRYTLLSYEQYF;TRB:CASSDLTGDNEKLFF,TRA:TGTGCTGTGGAGGCGAAAAAAGAAACCAGTGGCTCTAGGTTGACCTTT;TRB:TGCGCCAGCAGGTATACCCTTCTTTCCTACGAGCAGTACTTC;TRB:TGCGCCAGCAGTGACCTGACGGGAGATAATGAAAAACTGTTTTTT
clonotype652,1,0.000784313725490196,TRA:CAVVEVPHRGSTLGRLYF;TRB:CASSPLRGPTGF,TRA:TGTGCTGTCGTGGAGGTCCCCCACAGAGGCTCAACCCTGGGGAGGCTATACTTT;TRB:TGTGCCAGCAGTCCTTTACGGGGTCCCACCGGTTTC
clonotype632,1,0.000784313725490196,TRA:CLHPQGGSEKLVF;TRB:CASSLAWDTYRSGANVLTF;TRB:CASSLIRPGLATDTQYF,TRA:TGTCTTCACCCTCAGGGCGGATCTGAAAAGCTGGTCTTT;TRB:TGTGCCAGCAGCTTAGCCTGGGACACCTATCGCTCTGGGGCCAACGTCCTGACTTTC;TRB:TGTGCCAGCAGTCTAATTAGACCGGGACTAGCTACAGATACGCAGTATTTT
clonotype640,1,0.000784313725490196,TRB:CASSLEAGTLSYNEQFF,TRB:TGTGCCAGCAGCTTAGAGGCCGGGACTCTTTCCTACAATGAGCAGTTCTTC
clonotype644,1,0.000784313725490196,TRA:CAVRGNSGGSNYKLTF,TRA:TGTGCTGTCAGGGGGAATAGTGGAGGTAGCAACTATAAACTGACATTT
clonotype660,1,0.000784313725490196,TRB:CASSTPLGTFYGYTF,TRB:TGTGCCAGCTCAACACCCCTCGGGACATTTTATGGCTACACCTTC
clonotype642,1,0.000784313725490196,TRA:CARRAGGTSYGKLTF;TRB:CSAARGKSSYNEQFF,TRA:TGTGCCCGCCGTGCTGGTGGTACTAGCTATGGAAAGCTGACATTT;TRB:TGCAGTGCTGCGCGCGGGAAGTCCTCCTACAATGAGCAGTTCTTC
clonotype661,1,0.000784313725490196,TRA:CAVSVLGNEKLTF;TRB:CASSYLSGPAYNEQFF,TRA:TGTGCTGTCTCGGTACTTGGAAATGAGAAATTAACCTTT;TRB:TGTGCCAGCAGTTACCTTAGCGGGCCTGCCTACAATGAGCAGTTCTTC
clonotype639,1,0.000784313725490196,TRA:CAFARYRSMDSNYQLIW;TRB:CASSPFMSGELFF;TRB:CASRGRVLNQPQHF,TRA:TGTGCTTTCGCGCGATACCGATCAATGGATAGCAACTATCAGTTAATCTGG;TRB:TGTGCCAGCAGCCCTTTTATGTCCGGGGAGCTGTTTTTT;TRB:TGTGCCAGCAGGGGCCGGGTCCTCAATCAGCCCCAGCATTTT
clonotype664,1,0.000784313725490196,TRB:CASSWTGSFSGNTIYF,TRB:TGCGCCAGCAGCTGGACAGGATCTTTCTCTGGAAACACCATATATTTT
clonotype641,1,0.000784313725490196,TRA:CAYRSAITSGSRLTF,TRA:TGTGCTTATAGGAGCGCGATTACGAGTGGCTCTAGGTTGACCTTT
clonotype666,1,0.000784313725490196,TRA:CAVYSGGGADGLTF;TRB:CASSIGAGTAAFF,TRA:TGTGCTGTCTATTCAGGAGGAGGTGCTGACGGACTCACCTTT;TRB:TGTGCCAGTAGTATTGGGGCCGGGACAGCTGCTTTCTTT
clonotype659,1,0.000784313725490196,TRA:CAYRRNQFYF;TRB:CASSRLPGQRGETQYF,TRA:TGTGCTTATAGGAGAAACCAGTTCTATTTT;TRB:TGCGCCAGCAGCCGACTACCGGGACAACGCGGAGAGACCCAGTACTTC
clonotype647,1,0.000784313725490196,TRA:CAVRSANTGNQFYF;TRB:CASSLEAGTLSYNEQFF,TRA:TGTGCTGTCAGATCGGCGAACACCGGTAACCAGTTCTATTTT;TRB:TGTGCCAGCAGCTTAGAGGCCGGGACTCTTTCCTACAATGAGCAGTTCTTC
clonotype656,1,0.000784313725490196,TRB:CASSLIRPGLATDTQYF,TRB:TGTGCCAGCAGTCTAATTAGACCGGGACTAGCTACAGATACGCAGTATTTT
clonotype675,1,0.000784313725490196,TRA:CAGREGAQKLVF;TRB:CASSPGAFYGYTF,TRA:TGTGCAGGGCGGGAGGGAGCCCAGAAGCTGGTATTT;TRB:TGTGCCAGCTCACCAGGGGCCTTCTATGGCTACACCTTC
clonotype634,1,0.000784313725490196,TRA:CAASSKTSGSRLTF;TRB:CASSRQGTEAFF,TRA:TGTGCAGCAAGTTCCAAAACCAGTGGCTCTAGGTTGACCTTT;TRB:TGTGCCAGCAGCCGACAGGGCACTGAAGCTTTCTTT
clonotype668,1,0.000784313725490196,TRA:CAVEIIQGAQKLVF;TRB:CSATVRARGSPLHF,TRA:TGTGCTGTGGAGATAATTCAGGGAGCCCAGAAGCTGGTATTT;TRB:TGCAGTGCCACGGTTAGGGCACGGGGTTCACCCCTCCACTTT
clonotype662,1,0.000784313725490196,TRA:CALTQGGSEKLVF;TRB:CSARGGDSNSPLHF,TRA:TGTGCCCTAACTCAGGGCGGATCTGAAAAGCTGGTCTTT;TRB:TGCAGTGCTAGAGGGGGGGATAGTAATTCACCCCTCCACTTT
clonotype651,1,0.000784313725490196,TRB:CASPPRLDTEAFF,TRB:TGTGCCAGCCCTCCTCGGCTTGACACTGAAGCTTTCTTT
clonotype635,1,0.000784313725490196,TRA:CAYRRGFGNEKLTF;TRB:CASSYGGANVLTF,TRA:TGTGCTTATAGGAGAGGCTTTGGAAATGAGAAATTAACCTTT;TRB:TGTGCCAGCAGTTATGGTGGGGCCAACGTCCTGACTTTC
clonotype636,1,0.000784313725490196,TRA:CAYRSADTGNQFYF;TRB:CASSLGSSNQPQHF,TRA:TGTGCTTATAGGAGCGCGGACACCGGTAACCAGTTCTATTTT;TRB:TGTGCCAGCAGTTTAGGCAGTAGCAATCAGCCCCAGCATTTT
clonotype674,1,0.000784313725490196,TRA:CAVTGNQFYF;TRB:CASSQDRTGRLYGYTF,TRA:TGTGCTGTCACCGGTAACCAGTTCTATTTT;TRB:TGCGCCAGCAGCCAAGATCGAACAGGGAGACTCTATGGCTACACCTTC
clonotype638,1,0.000784313725490196,TRA:CLLVGDKETSGSRLTF,TRA:TGTCTTCTGGTGGGGGATAAAGAAACCAGTGGCTCTAGGTTGACCTTT
clonotype643,1,0.000784313725490196,TRA:CLHPQGGSEKLVF;TRA:CAVNSGGSNYKLTF,TRA:TGTCTTCACCCTCAGGGCGGATCTGAAAAGCTGGTCTTT;TRA:TGTGCTGTCAATAGTGGAGGTAGCAACTATAAACTGACATTT
clonotype669,1,0.000784313725490196,TRA:CAVGSSGTYKYIF;TRB:CSAEWTSGFSETQYF;TRB:CASSLGGQRDIQYF,TRA:TGTGCTGTCGGATCCTCAGGAACCTACAAATACATCTTT;TRB:TGCAGTGCTGAATGGACTAGCGGGTTCTCCGAGACCCAGTACTTC;TRB:TGTGCCAGCAGCTTAGGGGGGCAGAGGGACATTCAGTACTTC
clonotype673,1,0.000784313725490196,TRA:CAGHRGTGNQFYF;TRB:CASRLAGNGETQYF,TRA:TGTGCTGGGCATAGAGGAACCGGTAACCAGTTCTATTTT;TRB:TGCGCCAGTAGACTAGCGGGAAACGGAGAGACCCAGTACTTC
clonotype650,1,0.000784313725490196,TRA:CLLEETSGSRLTF,TRA:TGTCTTCTGGAAGAAACCAGTGGCTCTAGGTTGACCTTT
clonotype658,1,0.000784313725490196,TRA:CALNTPLVF;TRB:CASSPQETQYF,TRA:TGTGCCCTAAACACACCTCTTGTCTTT;TRB:TGTGCCAGCTCACCACAAGAGACCCAGTACTTC
clonotype671,1,0.000784313725490196,TRA:CAVNSGGSNYKLTF;TRB:CASSSGNTIYF,TRA:TGTGCTGTCAATAGTGGAGGTAGCAACTATAAACTGACATTT;TRB:TGCGCCAGCAGCTCTGGAAACACCATATATTTT
clonotype637,1,0.000784313725490196,TRA:CAVMETSGSRLTF;TRB:CASSLVRYDYTF,TRA:TGTGCTGTCATGGAAACCAGTGGCTCTAGGTTGACCTTT;TRB:TGTGCCAGCAGCTTAGTCAGATATGACTACACCTTC
clonotype645,1,0.000784313725490196,TRA:CAYRSADAGGTSYGKLTF,TRA:TGTGCTTATAGGAGCGCGGATGCTGGTGGTACTAGCTATGGAAAGCTGACATTT
clonotype665,1,0.000784313725490196,TRA:CAVRLIPRQGAQKLVF,TRA:TGTGCTGTCAGATTAATCCCCAGGCAAGGAGCCCAGAAGCTGGTATTT
clonotype646,1,0.000784313725490196,TRA:CLLEETSGSRLTF;TRB:CASRGRVLNQPQHF;TRB:CAGIGGAVDYGYTF,TRA:TGTCTTCTGGAAGAAACCAGTGGCTCTAGGTTGACCTTT;TRB:TGTGCCAGCAGGGGCCGGGTCCTCAATCAGCCCCAGCATTTT;TRB:TGTGCCGGAATCGGGGGCGCGGTGGACTATGGCTACACCTTC
clonotype670,1,0.000784313725490196,TRB:CSAALAGRETQYF,TRB:TGCAGTGCCGCTCTAGCGGGAAGGGAGACCCAGTACTTC
clonotype657,1,0.000784313725490196,TRB:CASSQGTEAFF,TRB:TGTGCCAGCAGTCAGGGCACTGAAGCTTTCTTT
clonotype648,1,0.000784313725490196,TRB:CASRGGWHQPQHF,TRB:TGTGCCAGCAGGGGAGGGTGGCATCAGCCCCAGCATTTT
clonotype672,1,0.000784313725490196,TRA:CIVRVVGVQGGSEKLVF;TRB:CASSLYNRGEAFF,TRA:TGCATCGTCAGAGTCGTGGGAGTACAGGGCGGATCTGAAAAGCTGGTCTTT;TRB:TGTGCCAGCAGTTTATATAACAGGGGTGAAGCTTTCTTT
clonotype654,1,0.000784313725490196,TRA:CAYRKTSGSRLTF;TRB:CASSLGQGFFNQPQHF,TRA:TGTGCTTATAGGAAAACCAGTGGCTCTAGGTTGACCTTT;TRB:TGTGCCAGCAGCTTGGGACAGGGATTTTTCAATCAGCCCCAGCATTTT
